{
    "0 42.357128 -71.126188": 6341.52,
    "0 42.357192 -71.125641": 9125.89,
    "0 42.357232 -71.122585": 20891.19,
    "0 42.357299 -71.122093": 18542.73,
    "0 42.357535 -71.126028": 5664.44,
    "0 42.357596 -71.122475": 16555.67,
    "0 42.357870 -71.123083": 14198.13,
    "0 42.358109 -71.122962": 11883.71,
    "0 42.358226 -71.125548": 4812.23,
    "0 42.358280 -71.121667": 8303.46,
    "0 42.358318 -71.125234": 5384.9,
    "0 42.358408 -71.123770": 8650.9,
    "0 42.358432 -71.126881": 1388.86,
    "0 42.358462 -71.125808": 3319.44,
    "0 42.358668 -71.123413": 7246.25,
    "0 42.358880 -71.125366": 3010.3,
    "0 42.359017 -71.123157": 5277.57,
    "0 42.359039 -71.125258": 2737.58,
    "0 42.359064 -71.125729": 1990.01,
    "0 42.359325 -71.126415": 893.69,
    "0 42.359362 -71.125327": 1874.49,
    "0 42.359439 -71.125993": 1105.99,
    "0 42.359791 -71.124284": 1837.29,
    "0 42.359884 -71.125509": 918.53,
    "0 42.359951 -71.126585": 372.7,
    "0 42.360066 -71.123526": 1554.19,
    "0 42.360168 -71.124462": 1080.99,
    "0 42.360330 -71.126298": 293.13,
    "0 42.360471 -71.124088": 813.94,
    "0 42.360473 -71.123060": 940.75,
    "0 42.360518 -71.123036": 884.6,
    "0 42.360525 -71.125706": 350.84,
    "0 42.360602 -71.123828": 722.59,
    "0 42.360756 -71.121763": 522.5,
    "0 42.360790 -71.125953": 202.51,
    "0 42.360838 -71.123494": 544.87,
    "0 42.360882 -71.122699": 520.75,
    "0 42.360985 -71.125270": 237.39,
    "0 42.360993 -71.126046": 140.06,
    "0 42.361035 -71.122638": 412.53,
    "0 42.361102 -71.124080": 327.42,
    "0 42.361327 -71.124240": 220.36,
    "0 42.361388 -71.123182": 241.38,
    "0 42.361413 -71.125257": 123.19,
    "0 42.361421 -71.122511": 223.14,
    "0 42.361569 -71.122246": 168.39,
    "0 42.361725 -71.122521": 135.57,
    "0 42.361758 -71.122339": 124.95,
    "0 42.361978 -71.125438": 43.03,
    "0 42.362088 -71.125572": 32.61
}
